Designer,FilePageURL
Christopher Dresser,https://commons.wikimedia.org/wiki/File:ChristopherDresser.jpg
Christopher Dresser,https://commons.wikimedia.org/wiki/File:A_Victorian_'Komai'_solid_silver_water_jug_by_Christopher_Dresser%2C_c.1880.jpg
Christopher Dresser,https://commons.wikimedia.org/wiki/File:The_art_of_decorative_design_(IA_artofdecoratived00dres).pdf
Christopher Dresser,https://commons.wikimedia.org/wiki/File:Christopher_Dresser_-_Sidewall_-_Google_Art_Project.jpg
Christopher Dresser,https://commons.wikimedia.org/wiki/File:Christopher_dresser%2C_per_coalbrookdale_company_of_ironbridge%2C_guardaroba%2C_inghilterra_1870_ca.jpg
Christopher Dresser,https://commons.wikimedia.org/wiki/File:Christopher_Dresser00.jpg
Christopher Dresser,https://commons.wikimedia.org/wiki/File:Dresservanda.jpg
Christopher Dresser,https://commons.wikimedia.org/wiki/File:Length_of_woven_wool_and_silk_MET_AR1378.jpg
Christopher Dresser,https://commons.wikimedia.org/wiki/File:Piece_MET_DP17542_1995.252.jpg
Christopher Dresser,https://commons.wikimedia.org/wiki/File:Reptilian_Fabric.jpg
Christopher Dresser,https://commons.wikimedia.org/wiki/File:Side_chair_MET_DT3787.jpg
Peter Behrens,https://commons.wikimedia.org/wiki/File:Peter_Behrens_by_Rudolf_Dührkoop_-_MKG.jpg
Peter Behrens,https://commons.wikimedia.org/wiki/File:De-Peter_Behrens.ogg
Peter Behrens,https://commons.wikimedia.org/wiki/File:Dührkoop%2C_Rudolf_-_Peter_Behrens%2C_Architekt_(Zeno_Fotografie).jpg
Peter Behrens,https://commons.wikimedia.org/wiki/File:Peter_Behrens_by_Rudolf_Dührkoop_-_MKG_(cropped).jpg
Peter Behrens,https://commons.wikimedia.org/wiki/File:Titzenthaler%2C_Waldemar_-_Behrens%2C_Peter.jpeg
Peter Behrens,https://commons.wikimedia.org/wiki/File:Peter_Behrens%2C_um_1913.jpg
Peter Behrens,https://commons.wikimedia.org/wiki/File:Peter_Behrens_by_Rudolf_Bosselt%2C_1918%2C_bronze_-_Museum_Künstlerkolonie_Darmstadt_-_Mathildenhöhe_-_Darmstadt%2C_Germany_-_DSC06385.jpg
Peter Behrens,https://commons.wikimedia.org/wiki/File:Max_Liebermann_Porträt_Peter_Behrens.jpg
Peter Behrens,https://commons.wikimedia.org/wiki/File:1915-06_Ausstellung_Verwundeten-_und_Krankenfürsorge_Erster_Weltkrieg_Magdeburg_Freimaurerloge_Ferdinand_zur_Glückseligkeit_Peter_Behrens_A._Molling_&_Comp._Hannover_Berlin.jpg
Peter Behrens,https://commons.wikimedia.org/wiki/File:Allgemeine_Elektricitäts-Gesellschaft_(logo).svg
Peter Behrens,https://commons.wikimedia.org/wiki/File:Arbeitszimmer_des_Herausgebers_Alexander_Koch%2C_c._1903.jpg
Peter Behrens,https://commons.wikimedia.org/wiki/File:Behrens_kiss.jpg
Peter Behrens,https://commons.wikimedia.org/wiki/File:Reichstag_Giebel2.jpg
Peter Behrens,https://commons.wikimedia.org/wiki/File:Dem_Deutschen_Volke_-_geo.hlipp.de_-_1785.jpg
Peter Behrens,https://commons.wikimedia.org/wiki/File:BSM_Lok_15_IMG_1039.jpg
Peter Behrens,https://commons.wikimedia.org/wiki/File:CH-000957-X-10397_Behrens.tif
Peter Behrens,https://commons.wikimedia.org/wiki/File:Cover_Die_Kunst_Peter_Behrens_1902.png
Peter Behrens,https://commons.wikimedia.org/wiki/File:Der_Architekt_(IA_derarchitekt00sche).pdf
Peter Behrens,https://commons.wikimedia.org/wiki/File:Feste_des_Lebens_und_der_Kunst_-_eine_Betrachtung_des_Theaters_als_hochstein_Kultursymbols_(IA_festedeslebensun00behr).pdf
Peter Behrens,https://commons.wikimedia.org/wiki/File:Feste_des_Lebens_und_der_Kunst_-_eine_Betrachtung_des_Theaters_als_hochstein_Kultursymbols_(IA_festedeslebensun00behr_0).pdf
Peter Behrens,https://commons.wikimedia.org/wiki/File:Gedenktafel_Alexanderplatz_2_(Mitte)_Peter_Behrens.jpg
Peter Behrens,https://commons.wikimedia.org/wiki/File:Gedenktafel_Ostendstr_1_(Obers)_Peter_Behrens.jpg
Peter Behrens,https://commons.wikimedia.org/wiki/File:Georg_Simmel_-_Die_Religion%2C_1906.jpg
Peter Behrens,https://commons.wikimedia.org/wiki/File:Giebel_des_Reichstagsgebäudes_in_Berlin_2H1A0353WI.jpg
Peter Behrens,https://commons.wikimedia.org/wiki/File:Giebel_des_Reichstagsgebäudes_in_Berlin_2H1A1043WI.jpg
Peter Behrens,https://commons.wikimedia.org/wiki/File:Großer_Speisesaal_in_der_deutschen_Botschaft_in_Sankt_Petersburg%2C_1913.jpg
Peter Behrens,https://commons.wikimedia.org/wiki/File:Insel_Verlag_Behrens.jpg
Peter Behrens,https://commons.wikimedia.org/wiki/File:Leuchten_auf_AEG_Gelände_2014-11-28_ama_fec.JPG
Peter Behrens,https://commons.wikimedia.org/wiki/File:Lou_Andreas-Salomé_-_Die_Erotik%2C_1910.jpg
Peter Behrens,https://commons.wikimedia.org/wiki/File:Max_Liebermann_-_Peter_Behrens.jpg
Peter Behrens,https://commons.wikimedia.org/wiki/File:Moderne_Bauformen_JG_6_-_0494.jpg
Peter Behrens,https://commons.wikimedia.org/wiki/File:Moderne_Bauformen_JG_6_-_0495.jpg
Peter Behrens,https://commons.wikimedia.org/wiki/File:Moderne_Bauformen_JG_6_-_0496.jpg
Peter Behrens,https://commons.wikimedia.org/wiki/File:Moderne_Bauformen_JG_6_-_0497.jpg
Peter Behrens,https://commons.wikimedia.org/wiki/File:Moderne_Baukunst_(1908)_0134.jpg
Peter Behrens,https://commons.wikimedia.org/wiki/File:Moderne_Baukunst_(1908)_0164.jpg
Peter Behrens,https://commons.wikimedia.org/wiki/File:Peter_Behrens_Brief_an_Anton_Hanak_1928-05-18.jpg
Peter Behrens,https://commons.wikimedia.org/wiki/File:Peter_Behrens_Otto_Erich_Hartleben.jpg
Peter Behrens,https://commons.wikimedia.org/wiki/File:Peter_Behrens%2C_Autograph_1917.jpg
Peter Behrens,https://commons.wikimedia.org/wiki/File:Peter_Behrens._Household_utensils_in_the_Art_Nouveau_style.jpg
Peter Behrens,https://commons.wikimedia.org/wiki/File:Peter-Behrens-Platz.jpg
Peter Behrens,https://commons.wikimedia.org/wiki/File:Thronsessel_für_Kaiser_Wilhelm_II_in_der_deutschen_Botschaft_in_Sankt_Petersburg.jpg
Peter Behrens,https://commons.wikimedia.org/wiki/File:Two_faces_kissing_with_entwined_art-nouveau_style_hair)_-_Peter_Behrens_LCCN2002721258.jpg
Peter Behrens,https://commons.wikimedia.org/wiki/File:Two_faces_kissing_with_entwined_art-nouveau_style_hair)_-_Peter_Behrens_LCCN2002721258.tif
Peter Behrens,https://commons.wikimedia.org/wiki/File:Wilhelm_Weimer_-_Bildnis_Peter_Behrens%2C_1901.jpg
Walter Gropius,https://commons.wikimedia.org/wiki/File:Walter_Gropius_Foto_1920.jpg
Walter Gropius,https://commons.wikimedia.org/wiki/File:Unterschrift_Walter_Gropius_Architekt_(1883–1969).png
Walter Gropius,https://commons.wikimedia.org/wiki/File:De-Walter_Gropius.ogg
Walter Gropius,https://commons.wikimedia.org/wiki/File:1955_01-Oct_HansGConrad_Portrait-WalterGropius_HfGUlm-Opening.jpg
Walter Gropius,https://commons.wikimedia.org/wiki/File:Alma_1918_gropius_manon.png
Walter Gropius,https://commons.wikimedia.org/wiki/File:Anonymous_photograph_of_Bauhaus_masters_on_the_roof_of_the_studio_building%2C_Bauhaus_Dessau.jpg
Walter Gropius,https://commons.wikimedia.org/wiki/File:Ascona-_Dokumentationsfotos_im_Museum%2C_Xanti_Schawinsky%2C_Walter_Gropius_-_LABW_-_Staatsarchiv_Freiburg_W_134_Nr._123466.jpg
Walter Gropius,https://commons.wikimedia.org/wiki/File:BAUHAUS_schema_didattico.jpg
Walter Gropius,https://commons.wikimedia.org/wiki/File:Bauhaus-program.svg
Walter Gropius,https://commons.wikimedia.org/wiki/File:Bauhausbücher_Anzeige_1925.jpg
Walter Gropius,https://commons.wikimedia.org/wiki/File:Der_Architekt_Walter_Gropius%2C_Begründer_des_Staatlichen_Bauhauses_Weimar%2C_um_1919.jpg
Walter Gropius,https://commons.wikimedia.org/wiki/File:F51_render_cropped.png
Walter Gropius,https://commons.wikimedia.org/wiki/File:F51_render.png
Walter Gropius,https://commons.wikimedia.org/wiki/File:Gedenktafel_Goebelstr_18_(CharN)_Walter_Gropius.jpg
Walter Gropius,https://commons.wikimedia.org/wiki/File:Gedenktafel_Johannisthaler_Chaussee_(Grops)_Walter_Gropius.jpg
Walter Gropius,https://commons.wikimedia.org/wiki/File:Gedenktafel_Jungfernheideweg_8_(Sieme)_Siedlung_Siemensstadt.jpg
Walter Gropius,https://commons.wikimedia.org/wiki/File:Gedenktafel_Lipschitzplatz_(Grops)_Die_Gestalter_der_Gropiusstadt.jpg
Walter Gropius,https://commons.wikimedia.org/wiki/File:Gedenktafel_Markt_19_(Weimar)_Walter_Gropius.jpg
Walter Gropius,https://commons.wikimedia.org/wiki/File:Grabmahl_Erwin_und_Friedrich_Bienert_2019.jpg
Walter Gropius,https://commons.wikimedia.org/wiki/File:Gropius_and_Seidler_by_Dupain_1954_(cropped).jpg
Walter Gropius,https://commons.wikimedia.org/wiki/File:Gropius_and_Seidler_by_Dupain_1954.jpg
Walter Gropius,https://commons.wikimedia.org/wiki/File:Gropius_soldat.jpg
Walter Gropius,https://commons.wikimedia.org/wiki/File:LA2-Blitz-0143.jpg
Walter Gropius,https://commons.wikimedia.org/wiki/File:Le_pavillon_du_Brésil_(Biennale_d'architecture_2014%2C_Venise)_(15588865100).jpg
Walter Gropius,https://commons.wikimedia.org/wiki/File:Leipzig_-_Grassimuseum_-_Rehgarten_05_ies.jpg
Walter Gropius,https://commons.wikimedia.org/wiki/File:Maneta_de_porta%2C_Walter_Gropius%2C_1923%2C_Col·lecció_Alfaro_Hofmann.jpg
Walter Gropius,https://commons.wikimedia.org/wiki/File:Manon+Gropius+Alma_1918_(round-frame-194x194).png
Walter Gropius,https://commons.wikimedia.org/wiki/File:Shopfront_Walter_Gropius_(14135480947).jpg
Walter Gropius,https://commons.wikimedia.org/wiki/File:Tribune_Tower_competition_entry._Rendering_LCCN2017645479.jpg
Walter Gropius,https://commons.wikimedia.org/wiki/File:Tribune_Tower_competition_entry._Rendering_LCCN2017645479.tif
Walter Gropius,https://commons.wikimedia.org/wiki/File:Walter_Gropius_by_Hugo_Erfurth%2C_1928.jpg
Walter Gropius,https://commons.wikimedia.org/wiki/File:WalterGropius-1919.jpg
Walter Gropius,https://commons.wikimedia.org/wiki/File:Сброшюрованная_книга.jpg
William Morris,https://commons.wikimedia.org/wiki/File:William_Morris_age_53.jpg
William Morris,https://commons.wikimedia.org/wiki/File:William_Morris_Signature.jpg
Raymond Loewy,https://commons.wikimedia.org/wiki/File:Raymond_Loewy_LOC.png
Raymond Loewy,https://commons.wikimedia.org/wiki/File:Anscoflex_II_(John_Kratz).jpg
Raymond Loewy,https://commons.wikimedia.org/wiki/File:Columnair_tall_clock_and_radio%2C_by_Raymond_Loewy%2C_Westinghouse_Electric_Co.%2C_Cranberry%2C_PA%2C_c._1930%2C_mahogany%2C_oak_veneer%2C_enameled_stee.%2C_Masonite_-_Montreal_Museum_of_Fine_Arts_-_Montreal%2C_Canada_-DSC09032.jpg
Raymond Loewy,https://commons.wikimedia.org/wiki/File:Elna_Lotus_fermée.jpg
Raymond Loewy,https://commons.wikimedia.org/wiki/File:Elna_Lotus_ouverte.jpg
Raymond Loewy,https://commons.wikimedia.org/wiki/File:Globe_Radio_by_Raymond_Loewy.jpg
Raymond Loewy,https://commons.wikimedia.org/wiki/File:Le_Creuset.jpg
Raymond Loewy,https://commons.wikimedia.org/wiki/File:LOEWY_HOUSE_PALM_SPRINGS_RIVERSIDE_COUNTY_CA.jpg
Raymond Loewy,https://commons.wikimedia.org/wiki/File:Loewy2.gif
Raymond Loewy,https://commons.wikimedia.org/wiki/File:Nordmende-05_hg.jpg
Raymond Loewy,https://commons.wikimedia.org/wiki/File:Nordmende-06_hg.jpg
Raymond Loewy,https://commons.wikimedia.org/wiki/File:Nordmende-07_hg.jpg
Raymond Loewy,https://commons.wikimedia.org/wiki/File:Nordmende-08_hg.jpg
Raymond Loewy,https://commons.wikimedia.org/wiki/File:Nordmende-10_hg.jpg
Raymond Loewy,https://commons.wikimedia.org/wiki/File:Nordmende-11_hg.jpg
Raymond Loewy,https://commons.wikimedia.org/wiki/File:Nordmende-12_hg.jpg
Raymond Loewy,https://commons.wikimedia.org/wiki/File:PCC_Cleveland.jpg
Raymond Loewy,https://commons.wikimedia.org/wiki/File:Peace_cigarettes_(1952).webp
Raymond Loewy,https://commons.wikimedia.org/wiki/File:Raymond_Loewy_-_DPLA_-_05e4290b66ae61fad9dfc6f22da2b6a9.jpg
Raymond Loewy,https://commons.wikimedia.org/wiki/File:Raymond_Loewy_-_DPLA_-_fa5d9a805dd69731d1ef83bb118cbe5c.jpg
Raymond Loewy,https://commons.wikimedia.org/wiki/File:Raymond_Loewy_circa_1956.jpg
Raymond Loewy,https://commons.wikimedia.org/wiki/File:Raymond_Loewy%2C_apartment_at_900_5th_Ave.%2C_New_York_City._LOC_gsc.5a27247.tif
Raymond Loewy,https://commons.wikimedia.org/wiki/File:SS_Brasil_M238.tif
Raymond Loewy,https://commons.wikimedia.org/wiki/File:SS_Brasil_Stateroom_168_I.tif
Raymond Loewy,https://commons.wikimedia.org/wiki/File:SS_Brasil_Stateroom_168_II.tif
Raymond Loewy,https://commons.wikimedia.org/wiki/File:SS_Brasil_Stateroom_168_III.tif
Raymond Loewy,https://commons.wikimedia.org/wiki/File:Television_set%2C_Model_T_54%2C_designed_by_Raymond_Loewy%2C_The_Hallicrafters%2C_USA%2C_1948%2C_case_made_from_lacquered_iron_sheet_-_Museum_für_Angewandte_Kunst_Köln_-_Cologne%2C_Germany_-_DSC09654.jpg
Raymond Loewy,https://commons.wikimedia.org/wiki/File:Thermos_flask%2C_Model_3750%2C_designed_by_Raymond_Loewy%2C_American_Thermos_Bottle_Corporation%2C_1937%2C_chrome-plated_brass%2C_aluminum%2C_bakelite_-_Museum_für_Angewandte_Kunst_Köln_-_Cologne%2C_Germany_-_DSC09512.jpg
Raymond Loewy,https://commons.wikimedia.org/wiki/File:US_Patent_US2563917A_Double-deck_coach_by_O.S._Ceasar_and_Raymond_Loewy.png
Raymond Loewy,https://commons.wikimedia.org/wiki/File:World_Book_Encyclopedia_advertisement_with_Raymond_Loewy.jpg
Henry Dreyfuss,https://commons.wikimedia.org/wiki/File:Bell_telephone_magazine_(1922)_(14569849308).jpg
Henry Dreyfuss,https://commons.wikimedia.org/wiki/File:Bankers_Trust_Building_280_Park_Avenue.jpg
Henry Dreyfuss,https://commons.wikimedia.org/wiki/File:Bell_telephone_magazine_(1922)_(14756479025).jpg
Henry Dreyfuss,https://commons.wikimedia.org/wiki/File:Dreyfuss-henry-thermostat-design.ogv
Henry Dreyfuss,https://commons.wikimedia.org/wiki/File:Dreyfuss.jpg
Henry Dreyfuss,https://commons.wikimedia.org/wiki/File:Henry_dreyfuss_per_western_electric_manufacturing_co.%2C_telefono_modlelo_302%2C_1937_ca.jpg
Henry Dreyfuss,https://commons.wikimedia.org/wiki/File:Henry_Dreyfuss_Symbol_Sourcebook.jpg
Henry Dreyfuss,https://commons.wikimedia.org/wiki/File:Henry_Dreyfuss.jpg
Henry Dreyfuss,https://commons.wikimedia.org/wiki/File:Hudson_locomotive_for_the_New_York_Central.jpg
Henry Dreyfuss,https://commons.wikimedia.org/wiki/File:John_Deere_Model_A_late_style.jpg
Henry Dreyfuss,https://commons.wikimedia.org/wiki/File:John_Deere_model_B_tractor%2C_Agricultural_and_Industrial_Museum_York.jpg
Henry Dreyfuss,https://commons.wikimedia.org/wiki/File:New_York_Central_20th_Century_Limited_1938.jpg
Henry Dreyfuss,https://commons.wikimedia.org/wiki/File:New_York_Central_Sleek_Locomotive_(282369641).jpg
Henry Dreyfuss,https://commons.wikimedia.org/wiki/File:New_York_Central_Twentieth_Century_Limited_steam_locomotive_5453_nose.jpg
Henry Dreyfuss,https://commons.wikimedia.org/wiki/File:NYC_Hudson2.jpg
Henry Dreyfuss,https://commons.wikimedia.org/wiki/File:Smoking_and_drink_stand%2C_by_Henry_Dreyfuss%2C_c._1938%2C_chromium-plated_steel%2C_aluminum%2C_painted_cast_iron_-_Montreal_Museum_of_Fine_Arts_-_Montreal%2C_Canada_-DSC09058.jpg
Henry Dreyfuss,https://commons.wikimedia.org/wiki/File:SS_Stevens_okubo_mediterranean_mural_01.jpg
Henry Dreyfuss,https://commons.wikimedia.org/wiki/File:Telephone%2C_Model_102%2C_designed_by_Henry_Dreyfuss%2C_Western_Electric_Company%2C_New_York_City%2C_1928%2C_Bakelite_case%2C_metal_-_Museum_für_Angewandte_Kunst_Köln_-_Cologne%2C_Germany_-_DSC09623.jpg
Henry Dreyfuss,https://commons.wikimedia.org/wiki/File:Test_run_of_streamlined_20th_Century_Limited_1938.jpg
Henry Dreyfuss,https://commons.wikimedia.org/wiki/File:TrimlineExposed.jpg
Henry Dreyfuss,https://commons.wikimedia.org/wiki/File:Westclox_Big_Ben.jpg
Max Bill,https://commons.wikimedia.org/wiki/File:Com_L19-0188-0203A.jpg
Max Bill,https://commons.wikimedia.org/wiki/File:1955_Foto-HansGConrad_HfGUlm_Architekt-MaxBill.jpg
Max Bill,https://commons.wikimedia.org/wiki/File:1959_-_Kunsthalle_Basel_-_4_Bildhauer.jpg
Max Bill,https://commons.wikimedia.org/wiki/File:Bauhaus_Archiv_Berlin_Max_Bill.jpg
Max Bill,https://commons.wikimedia.org/wiki/File:Bochum_Kunstmuseum_070127_33.jpg
Max Bill,https://commons.wikimedia.org/wiki/File:Cinevox._Neuhausen_am_Rheinfall.jpg
Max Bill,https://commons.wikimedia.org/wiki/File:Construction%2C_1937_Max_Bill_1908-1994_DSC08880_(48881830008).jpg
Max Bill,https://commons.wikimedia.org/wiki/File:HfG_Ulm_Main_Entrance_photo_by_Christian_Gänshirt.JPG
Max Bill,https://commons.wikimedia.org/wiki/File:Hochschule_für_Gestaltung_Ulm_07.jpg
Max Bill,https://commons.wikimedia.org/wiki/File:Hochschule_für_Gestaltung_Ulm_08.jpg
Max Bill,https://commons.wikimedia.org/wiki/File:Hochschule_für_Gestaltung_Ulm_09.jpg
Max Bill,https://commons.wikimedia.org/wiki/File:Hochschule_für_Gestaltung_Ulm_10.jpg
Max Bill,https://commons.wikimedia.org/wiki/File:Hochschule_für_Gestaltung_Ulm_11.jpg
Max Bill,https://commons.wikimedia.org/wiki/File:Hochschule_für_Gestaltung_Ulm.jpg
Max Bill,https://commons.wikimedia.org/wiki/File:Junghans_Küchenuhr.jpg
Max Bill,https://commons.wikimedia.org/wiki/File:Junghans_Max_Bill_Automatik.JPG
Max Bill,https://commons.wikimedia.org/wiki/File:Junghans_Max_Bill_Uhr.jpg
Max Bill,https://commons.wikimedia.org/wiki/File:Junghans-max-bill.jpg
Max Bill,https://commons.wikimedia.org/wiki/File:Künstler_helfen_Kunstturner_Com_L19-0101-0126.tif
Max Bill,https://commons.wikimedia.org/wiki/File:Künstler_helfen_Kunstturner_Com_L19-0101-0131_(cropped).tif
Max Bill,https://commons.wikimedia.org/wiki/File:Künstler_helfen_Kunstturner_Com_L19-0101-0131.tif
Max Bill,https://commons.wikimedia.org/wiki/File:Marl_Bill_01.JPG
Max Bill,https://commons.wikimedia.org/wiki/File:Max_Bill_Junghans.jpg
Max Bill,https://commons.wikimedia.org/wiki/File:Max_Bill_überwacht_die_Installation_eines_der_Wandbilder-HSGH_022-001531-03.jpg
Max Bill,https://commons.wikimedia.org/wiki/File:Max_Bill%2C_sem_data.tif
Max Bill,https://commons.wikimedia.org/wiki/File:Max_Bill-_Tamboret_HFG_Ulm-1954-Vitra_Facsimil-dhub.jpg
Max Bill,https://commons.wikimedia.org/wiki/File:Max-bill_junghans_retouched.jpg
Max Bill,https://commons.wikimedia.org/wiki/File:Max-bill_junghans.jpg
Max Bill,https://commons.wikimedia.org/wiki/File:Maxbillptz.jpg
Max Bill,https://commons.wikimedia.org/wiki/File:Oerlikon_-_Schweizer_Radio_DRS_-_Brunnenhofweg_2011-08-17_14-26-24_ShiftN.jpg
Max Bill,https://commons.wikimedia.org/wiki/File:Oerlikon_-_Schweizer_Radio_DRS_2011-08-17_14-23-42_ShiftN.jpg
Max Bill,https://commons.wikimedia.org/wiki/File:Oerlikon_-_Schweizer_Radio_DRS_2011-08-17_14-24-50.JPG
Max Bill,https://commons.wikimedia.org/wiki/File:Oerlikon_-_Schweizer_Radio_DRS_2011-08-17_14-26-36.jpg
Max Bill,https://commons.wikimedia.org/wiki/File:Oerlikon_-_Schweizer_Radio_DRS_2011-08-17_14-28-16.JPG
Max Bill,https://commons.wikimedia.org/wiki/File:Progression_in_6_stages_de_Max_Bill.jpg
Max Bill,https://commons.wikimedia.org/wiki/File:Schweizer_Radio_DRS_-_Studio_Zürich_2011-08-17_14-21-38_ShiftN.jpg
Max Bill,https://commons.wikimedia.org/wiki/File:Theatre-de-vidy.jpg
Max Bill,https://commons.wikimedia.org/wiki/File:Ulmer-hocker-hfg-ulm-max-bill.jpg
Max Bill,https://commons.wikimedia.org/wiki/File:Ulmer-hocker.jpg
Max Bill,https://commons.wikimedia.org/wiki/File:UNESCO_History%2C_Architects_Richard_Buckminster_Fuller_and_Max_Bill_-_UNESCO_-_PHOTO0000002720_0000.tiff
Max Bill,https://commons.wikimedia.org/wiki/File:UNESCO_History%2C_Architects_Richard_Buckminster_Fuller_and_Max_Bill_-_UNESCO_-_PHOTO0000002720_0001.tiff
Max Bill,https://commons.wikimedia.org/wiki/File:Wedding_Kurt-Schumacher-Damm_Berlin_dankt_Frankreich.jpg
Max Bill,https://commons.wikimedia.org/wiki/File:Wollishofen_Max_Bill_1930.JPG
Dieter Rams,https://commons.wikimedia.org/wiki/File:Designer-Dieter_Rams.jpg
Dieter Rams,https://commons.wikimedia.org/wiki/File:002_2020_04_21_Uhren_fuer_den_Innenbereich.jpg
Dieter Rams,https://commons.wikimedia.org/wiki/File:1952_Dieter_Rams_Chair_from_Studienarbeit_drawing_(resized).jpg
Dieter Rams,https://commons.wikimedia.org/wiki/File:1952_Dieter_Rams_Chair_from_Studienarbeit_drawing.jpg
Dieter Rams,https://commons.wikimedia.org/wiki/File:1961_Braun_D40_Frankfurt_2024-03.jpg
Dieter Rams,https://commons.wikimedia.org/wiki/File:Braun_ABW30_(schwarz).jpg
Dieter Rams,https://commons.wikimedia.org/wiki/File:Braun_audio_310.jpeg
Dieter Rams,https://commons.wikimedia.org/wiki/File:Braun_D40_Rodenstock_Splendar.jpg
Dieter Rams,https://commons.wikimedia.org/wiki/File:Braun_Dieter_Rams_Lighter_Austin_Calhoon_Photograph.jpg
Dieter Rams,https://commons.wikimedia.org/wiki/File:Braun_portable_radios_and_turntable_at_the_SFMOMA_(6098612783).jpg
Dieter Rams,https://commons.wikimedia.org/wiki/File:Braun_regie_510.jpg
Dieter Rams,https://commons.wikimedia.org/wiki/File:Braun_SK_4.1.jpg
Dieter Rams,https://commons.wikimedia.org/wiki/File:Braun_SK_5.png
Dieter Rams,https://commons.wikimedia.org/wiki/File:Braun_SK_55_(red).png
Dieter Rams,https://commons.wikimedia.org/wiki/File:Braun_SK_55.png
Dieter Rams,https://commons.wikimedia.org/wiki/File:Braun_SK_6.png
Dieter Rams,https://commons.wikimedia.org/wiki/File:Braun_T580_resized.jpg
Dieter Rams,https://commons.wikimedia.org/wiki/File:Braun_TG_1000_tape_recorder_at_the_SFMOMA_(6099160894).jpg
Dieter Rams,https://commons.wikimedia.org/wiki/File:Braun_TS_45%2C_TG_60%2C_L_450.jpg
Dieter Rams,https://commons.wikimedia.org/wiki/File:Braun-L1.png
Dieter Rams,https://commons.wikimedia.org/wiki/File:Braun-Sk61.jpg
Dieter Rams,https://commons.wikimedia.org/wiki/File:Braun-t4-transistor-radio-design-dieter-rams-only-once-shop-4.jpg
Dieter Rams,https://commons.wikimedia.org/wiki/File:Braun-transistor.jpg
Dieter Rams,https://commons.wikimedia.org/wiki/File:Bundesarchiv_B_145_Bild-P089472%2C_Verleihung_des_Berliner_Kunstpreises.jpg
Dieter Rams,https://commons.wikimedia.org/wiki/File:Cassette_recorder%2C_Dieter_Rams_(6098613465).jpg
Dieter Rams,https://commons.wikimedia.org/wiki/File:Design_innovation_(6099160776).jpg
Dieter Rams,https://commons.wikimedia.org/wiki/File:Dieter_Rams_-_Satztischprogramm_010.jpg
Dieter Rams,https://commons.wikimedia.org/wiki/File:Dieter_Rams_erhält_iF_Design_Lifetime_Achievement_Award_2024.jpg
Dieter Rams,https://commons.wikimedia.org/wiki/File:Dieter_Rams_i_Dieter_Lubs-_Calculator_Braun_ET66-1987.dhub.jpg
Dieter Rams,https://commons.wikimedia.org/wiki/File:Dieter-rams-boston2005-001.jpg
Dieter Rams,https://commons.wikimedia.org/wiki/File:DieterRamsTP1Perspective.jpg
Dieter Rams,https://commons.wikimedia.org/wiki/File:Functional_arts_(6098612917).jpg
Dieter Rams,https://commons.wikimedia.org/wiki/File:IF_Achievement_Award_2024_Dieter_Rams.jpg
Dieter Rams,https://commons.wikimedia.org/wiki/File:Pinakothek_der_Moderne._Braun_Reel_to_Reel_(6786758036).jpg
Dieter Rams,https://commons.wikimedia.org/wiki/File:Pinakothek_der_Moderne._Braun_Reel_to_Reel_(6786759454).jpg
Dieter Rams,https://commons.wikimedia.org/wiki/File:Pinakothek_der_Moderne._Braun_Reel_to_Reel_(6932873189).jpg
Dieter Rams,https://commons.wikimedia.org/wiki/File:Pinakothek_der_Moderne._Braun_Reel_to_Reel_(6932874829).jpg
Dieter Rams,https://commons.wikimedia.org/wiki/File:Projector_(6098612817).jpg
Dieter Rams,https://commons.wikimedia.org/wiki/File:Radio_(6099160686).jpg
Dieter Rams,https://commons.wikimedia.org/wiki/File:RadioT3-4-41.jpg
Dieter Rams,https://commons.wikimedia.org/wiki/File:Station_finder_(6098613375).jpg
Dieter Rams,https://commons.wikimedia.org/wiki/File:Studioblitz-Anlage_F_1000.jpg
Dieter Rams,https://commons.wikimedia.org/wiki/File:Tonarmwaage-Rams-01.gif
Dieter Rams,https://commons.wikimedia.org/wiki/File:Tonarmwaage-Rams-01.jpg
Dieter Rams,https://commons.wikimedia.org/wiki/File:Turntable%2C_Dieter_Rams_(6098613405).jpg
Dieter Rams,https://commons.wikimedia.org/wiki/File:Turntable%2C_Dieter_Rams_(6099161422).jpg
Dieter Rams,https://commons.wikimedia.org/wiki/File:Turntable%2C_Dieter_Rams_(6099161448).jpg
Ettore Sottsass,https://commons.wikimedia.org/wiki/File:Ettore_Sottsass_1969.jpg
Ettore Sottsass,https://commons.wikimedia.org/wiki/File:Designers_of_"MAN_TRANSFORMS"_Exhibit_at_C-H_Museum.jpg
Ettore Sottsass,https://commons.wikimedia.org/wiki/File:Ettore_Sottsass_and_Fernanda_Pivano_1969.jpg
Ettore Sottsass,https://commons.wikimedia.org/wiki/File:Fontana_in_Tonalite_dell'Adamello_by_Ettore_Sottsass.jpg
Ettore Sottsass,https://commons.wikimedia.org/wiki/File:Fontana_in_Tonalite_dell'Adamello.jpg
Ettore Sottsass,https://commons.wikimedia.org/wiki/File:Il_giornalista_Lillo_Gullo_intervista_l’architetto_e_designer_Ettore_Sottsass.jpg
Ettore Sottsass,https://commons.wikimedia.org/wiki/File:Maruceli_Sottsass_1949.jpg
Ettore Sottsass,https://commons.wikimedia.org/wiki/File:Paolo_Monti_-_Servizio_fotografico_(Torino%2C_1961)_-_BEIC_6360349.jpg
Ettore Sottsass,https://commons.wikimedia.org/wiki/File:Room_76%2C_Design_1900_-_Now%2C_V&A_-_2024-01-05.jpg
Ettore Sottsass,https://commons.wikimedia.org/wiki/File:Room_76%2C_modern_design_exhibts%2C_V&A_London.jpg
Jonathan Ive,https://commons.wikimedia.org/wiki/File:Jonathan_Ive_(OTRS).jpg
Jonathan Ive,https://commons.wikimedia.org/wiki/File:HK_HKCEC_Wan_Chai_蘇富比_Sotheby's_Preview_拍賣_預展_Tony_and_Marc's_Red_Auction_sign_Oct-2013.JPG
Jonathan Ive,https://commons.wikimedia.org/wiki/File:Ive_Lasseter_cropped.jpg
Jonathan Ive,https://commons.wikimedia.org/wiki/File:Ive_Lasseter.jpg
Jonathan Ive,https://commons.wikimedia.org/wiki/File:Johnny-ive.jpg
Jonathan Ive,https://commons.wikimedia.org/wiki/File:Jonathan_Ive_(OTRS)_(cropped).jpg
Jonathan Ive,https://commons.wikimedia.org/wiki/File:Jonathan_Ive_2006.jpeg
Jonathan Ive,https://commons.wikimedia.org/wiki/File:Jonathan_Ive_2009.jpg
Jonathan Ive,https://commons.wikimedia.org/wiki/File:Jonathan_Ive_at_Apple%2C_2011.jpg
Marianne Brandt,https://commons.wikimedia.org/wiki/File:Marianne_Brandt_(contralto).jpg
Marianne Brandt,https://commons.wikimedia.org/wiki/File:Friedhof_Hadersdorf-Weidlingau_Bischof-Brandt.jpg
Marianne Brandt,https://commons.wikimedia.org/wiki/File:BischofMarie.jpg
Marianne Brandt,https://commons.wikimedia.org/wiki/File:Brandt_an_Voss.pdf
Marianne Brandt,https://commons.wikimedia.org/wiki/File:Erinnerungen_an_Pauline_Viardot.pdf
Marianne Brandt,https://commons.wikimedia.org/wiki/File:Marianne_Brandt_AEhrlichSängerinnen1895.jpg
Marianne Brandt,https://commons.wikimedia.org/wiki/File:Marianne_Brandt_as_Adriano_in_Rienzi%2C_photo_by_Falk%2C_1886_(Newberry_Library%2C_Westervelt_Coll).jpg
Marianne Brandt,https://commons.wikimedia.org/wiki/File:Marianne_Brandt%2C_photo_by_Falk%2C_c1886_(Newberry_Library%2C_Westervelt_Coll).jpg
Charles and Ray Eames,https://commons.wikimedia.org/wiki/File:Charle_e_ray_eames_per_herman_miller_inc.%2C_unità_esu_420-c%2C_1949-50.jpg
Charles and Ray Eames,https://commons.wikimedia.org/wiki/File:Eames_elephant.jpg
Charles and Ray Eames,https://commons.wikimedia.org/wiki/File:Eames_Molded_Plywood_Coffee_Table_(1947-1953)_Designed_by_Charles_and_Ray_Eames_and_manufactured_in_the_United_States_by_Herman_Miller%2C_Inc._(Object_ID_89.177.6)_-_Fully_Furnished_-_Historic_Furniture_Exhibit_-_Henry_Ford_Museum.jpg
Charles and Ray Eames,https://commons.wikimedia.org/wiki/File:Eames.jpg
Charles and Ray Eames,https://commons.wikimedia.org/wiki/File:EamesCards.JPG
Charles and Ray Eames,https://commons.wikimedia.org/wiki/File:Modern_furniture_and_a_leg_splint.jpg
Charles and Ray Eames,https://commons.wikimedia.org/wiki/File:Moulded_plywood_chair%2C_stools%2C_and_table%2C_Charles_and_Ray_Eames_exhibit%2C_MAAT%2C_Lisbon%2C_Portugal_julesvernex2.jpg
Charles and Ray Eames,https://commons.wikimedia.org/wiki/File:Ulmer_Volkshochschule_Club_Orange_mit_den_Stühlen_Dining_Armchair_von_Charles_und_Ray_Eames_1.jpg
Charles and Ray Eames,https://commons.wikimedia.org/wiki/File:Ulmer_Volkshochschule_EinsteinHaus_2_OG_mit_den_Stühlen_Dining_Armchair_von_Charles_und_Ray_Eames_links.jpg
Charles and Ray Eames,https://commons.wikimedia.org/wiki/File:Ulmer_Volkshochschule_EinsteinHaus_2_OG_mit_den_Stühlen_Dining_Armchair_von_Charles_und_Ray_Eames.jpg
Charles and Ray Eames,https://commons.wikimedia.org/wiki/File:Vitra_Schaudepot_Untergeschoss_mit_Fenster_zum_Büro_von_Charles_Eames%2C_Tafel.jpg
Charles and Ray Eames,https://commons.wikimedia.org/wiki/File:Vitra_Schaudepot_Untergeschoss_mit_Fenster_zum_Büro_von_Charles_Eames.jpg
Charles and Ray Eames,https://commons.wikimedia.org/wiki/File:Vitra_Schaudepot_Untergeschoss_mit_Fenster_zum_Nachlass_von_Charles_und_Ray_Eames.jpg
